{
    "ScorePoint": 2,
    "Fruits": 2,
    "Position": {
        "x": -7.320000171661377,
        "y": -2.569999933242798,
        "z": 1.0
    },
    "LevelNumber": 2
}