{
    "ScorePoint": 9,
    "Health": 3,
    "Position": {
        "x": 4.230000019073486,
        "y": -2.5999999046325685,
        "z": 1.0
    },
    "LevelNumber": 2
}